Feature,count,unique,top,freq,mode,freq_mode,%mode,2ndmode,freq_2ndmode,%2ndmode,%missing
current_status,9555,2,Laboratory-confirmed case,8903,Laboratory-confirmed case,8903,0.9317634746206175,Probable Case,652,0.06823652537938252,0.0
sex,9555,5,Female,5027,Female,5027,0.5261119832548404,Male,4437,0.4643642072213501,0.0
age_group,9555,10,20 - 29 Years,1778,20 - 29 Years,1778,0.18608058608058609,30 - 39 Years,1488,0.15572998430141288,0.0
race_ethnicity_combined,9555,9,Unknown,3707,Unknown,3707,0.3879644165358451,"White, Non-Hispanic",3213,0.3362637362637363,0.0
hosp_yn,9555,5,No,5135,No,5135,0.5374149659863946,Missing,2138,0.22375719518576662,0.0
icu_yn,9555,4,Missing,7266,Missing,7266,0.7604395604395604,Unknown,1271,0.13301936159079017,0.0
death_yn,9555,2,No,9230,No,9230,0.9659863945578231,Yes,325,0.034013605442176874,0.0
medcond_yn,9555,4,Missing,7040,Missing,7040,0.7367870225013082,No,930,0.09733124018838304,0.0
