Feature,count,unique,top,freq,mode,freq_mode,%mode,2ndmode,freq_2ndmode,%2ndmode,%missing
current_status,8319,2,Laboratory-confirmed case,7261,Laboratory-confirmed case,7261,0.8728212525543936,Probable Case,1058,0.12717874744560645,0.0
sex,8319,5,Female,4261,Female,4261,0.5122009856953961,Male,3975,0.47782185358817164,0.0
age_group,8319,10,20 - 29 Years,1355,20 - 29 Years,1355,0.1628801538646472,30 - 39 Years,1263,0.15182113234763794,0.0
race_ethnicity_combined,8319,9,"White, Non-Hispanic",3135,"White, Non-Hispanic",3135,0.3768481788676524,Unknown,2846,0.34210842649356893,0.0
hosp_yn,8319,4,No,4214,No,4214,0.5065512681812718,Missing,2143,0.25760307729294385,0.0
icu_yn,8319,4,Missing,6523,Missing,6523,0.7841086669070801,Unknown,1258,0.1512200985695396,0.0
death_yn,8319,2,No,8198,No,8198,0.9854549825700204,Yes,121,0.014545017429979564,0.0
medcond_yn,8319,4,Missing,6394,Missing,6394,0.7686019954321432,Unknown,896,0.10770525303522058,0.0
